rtt_ms,cpu_cores,mem_mb,avg_qos_ms,samples
20,1,128,124041.718750,32
20,1,256,125935.666667,30
